Search Link,Date collected,Title,Year,Certificate,Runtime,Genre,Description,Rating
https://www.imdb.com/search/title/?genres=adventure&start=1&ref_=adv_nxt,2020-06-14,Rick and Morty,(2013– ),,23 min,"Animation, Adventure, Comedy",An animated series that follows the exploits of a super scientist and his not-so-bright grandson.,9.2
https://www.imdb.com/search/title/?genres=adventure&start=1&ref_=adv_nxt,2020-06-14,Игра на тронови,(2011–2019),,57 min,"Action, Adventure, Drama","Nine noble families fight for control over the lands of Westeros, while an ancient enemy returns after being dormant for millennia.",9.3
https://www.imdb.com/search/title/?genres=adventure&start=1&ref_=adv_nxt,2020-06-14,Killing Eve,(2018– ),,42 min,"Action, Adventure, Drama","After a series of events, the lives of a security operative and an assassin become inextricably linked.",8.3
https://www.imdb.com/search/title/?genres=adventure&start=1&ref_=adv_nxt,2020-06-14,Avatar: The Last Airbender,(2005–2008),,23 min,"Animation, Action, Adventure","In a war-torn world of elemental magic, a young boy reawakens to undertake a dangerous mystic quest to fulfill his destiny as the Avatar, and bring peace to the world.",9.2
https://www.imdb.com/search/title/?genres=adventure&start=1&ref_=adv_nxt,2020-06-14,Vikings,(2013– ),,44 min,"Action, Adventure, Drama","Vikings transports us to the brutal and mysterious world of Ragnar Lothbrok, a Viking warrior and farmer who yearns to explore - and raid - the distant shores across the ocean.",8.5
https://www.imdb.com/search/title/?genres=adventure&start=1&ref_=adv_nxt,2020-06-14,Secret Society of Second-Born Royals,(2020),,,"Action, Adventure, Comedy","Director:
Anna Mastro
| 
    Stars:
Elodie Yung, 
Olivia Deeble, 
Peyton Elizabeth Lee, 
Skylar Astin",
https://www.imdb.com/search/title/?genres=adventure&start=1&ref_=adv_nxt,2020-06-14,Stargirl,(2020– ),,45 min,"Action, Adventure, Crime",Teenager Courtney Whitmore joins the Justice Society of America. Based on the character from DC Comics.,7.4
https://www.imdb.com/search/title/?genres=adventure&start=1&ref_=adv_nxt,2020-06-14,Agents of S.H.I.E.L.D.,(2013–2020),,45 min,"Action, Adventure, Drama","The missions of the Strategic Homeland Intervention, Enforcement and Logistics Division.",7.5
https://www.imdb.com/search/title/?genres=adventure&start=1&ref_=adv_nxt,2020-06-14,Флеш,(2014– ),,43 min,"Action, Adventure, Drama","After being struck by lightning, Barry Allen wakes up from his coma to discover he's been given the power of super speed, becoming the Flash, fighting crime in Central City.",7.7
https://www.imdb.com/search/title/?genres=adventure&start=1&ref_=adv_nxt,2020-06-14,Lost,(2004–2010),,44 min,"Adventure, Drama, Fantasy",The survivors of a plane crash are forced to work together in order to survive on a seemingly deserted tropical island.,8.3
https://www.imdb.com/search/title/?genres=adventure&start=1&ref_=adv_nxt,2020-06-14,Легенди на Утрешнината,(2016– ),,42 min,"Action, Adventure, Drama","Time-travelling rogue Rip Hunter has to recruit a rag-tag team of heroes and villains to help prevent an apocalypse that could impact not only Earth, but all of time.",6.8
https://www.imdb.com/search/title/?genres=adventure&start=1&ref_=adv_nxt,2020-06-14,The Mandalorian,(2019– ),,40 min,"Action, Adventure, Sci-Fi","The travels of a lone bounty hunter in the outer reaches of the galaxy, far from the authority of the New Republic.",8.7
https://www.imdb.com/search/title/?genres=adventure&start=1&ref_=adv_nxt,2020-06-14,Dune,(I) (2020),,,"Adventure, Drama, Sci-Fi","Director:
Denis Villeneuve
| 
    Stars:
Rebecca Ferguson, 
Timothée Chalamet, 
Zendaya, 
Jason Momoa",
https://www.imdb.com/search/title/?genres=adventure&start=1&ref_=adv_nxt,2020-06-14,Avengers: Endgame,(2019),PG-13,181 min,"Action, Adventure, Drama","After the devastating events of Avengers: Infinity War (2018), the universe is in ruins. With the help of remaining allies, the Avengers assemble once more in order to reverse Thanos' actions and restore balance to the universe.",8.4
https://www.imdb.com/search/title/?genres=adventure&start=1&ref_=adv_nxt,2020-06-14,Scoob!,(2020),PG,93 min,"Animation, Adventure, Comedy","Scooby and the gang face their most challenging mystery ever: a plot to unleash the ghost dog Cerberus upon the world. As they race to stop this dogpocalypse, the gang discovers that Scooby has an epic destiny greater than anyone imagined.",5.8
https://www.imdb.com/search/title/?genres=adventure&start=1&ref_=adv_nxt,2020-06-14,Doctor Who,(2005– ),,45 min,"Adventure, Drama, Family",The further adventures in time and space of the alien adventurer known as the Doctor and their companions from planet Earth.,8.6
https://www.imdb.com/search/title/?genres=adventure&start=1&ref_=adv_nxt,2020-06-14,Supergirl,(2015– ),,43 min,"Action, Adventure, Drama",The adventures of Superman's cousin in her own superhero career.,6.3
https://www.imdb.com/search/title/?genres=adventure&start=1&ref_=adv_nxt,2020-06-14,Alex Rider,(2020– ),,,"Action, Adventure, Family",The adventures of a reluctant teenage spy on his missions to save the world.,7.5
https://www.imdb.com/search/title/?genres=adventure&start=1&ref_=adv_nxt,2020-06-14,The Witcher,(2019– ),,60 min,"Action, Adventure, Fantasy","Geralt of Rivia, a solitary monster hunter, struggles to find his place in a world where people often prove more wicked than beasts.",8.3
https://www.imdb.com/search/title/?genres=adventure&start=1&ref_=adv_nxt,2020-06-14,Стрела,(2012–2020),,42 min,"Action, Adventure, Crime","Spoiled billionaire playboy Oliver Queen is missing and presumed dead when his yacht is lost at sea. He returns five years later a changed man, determined to clean up the city as a hooded vigilante armed with a bow.",7.6
https://www.imdb.com/search/title/?genres=adventure&start=1&ref_=adv_nxt,2020-06-14,Gospodarot na prstenite: Druzhinata na prstenot,(2001),PG-13,178 min,"Action, Adventure, Drama",A meek Hobbit from the Shire and eight companions set out on a journey to destroy the powerful One Ring and save Middle-earth from the Dark Lord Sauron.,8.8
https://www.imdb.com/search/title/?genres=adventure&start=1&ref_=adv_nxt,2020-06-14,Star Wars: Episode IX - The Rise of Skywalker,(2019),PG-13,142 min,"Action, Adventure, Fantasy","The surviving members of the resistance face the First Order once again, and the legendary conflict between the Jedi and the Sith reaches its peak bringing the Skywalker saga to its end.",6.7
https://www.imdb.com/search/title/?genres=adventure&start=1&ref_=adv_nxt,2020-06-14,The Last Airbender,(2010),PG,103 min,"Action, Adventure, Family","Follows the adventures of Aang, a young successor to a long line of Avatars, who must master all four elements and stop the Fire Nation from enslaving the Water Tribes and the Earth Kingdom.",4.1
https://www.imdb.com/search/title/?genres=adventure&start=1&ref_=adv_nxt,2020-06-14,Star Wars: The Clone Wars,(2008–2020),,23 min,"Animation, Action, Adventure",Jedi Knights lead the Grand Army of the Republic against the droid army of the Separatists.,8.2
https://www.imdb.com/search/title/?genres=adventure&start=1&ref_=adv_nxt,2020-06-14,The Legend of Korra,(2012–2014),,23 min,"Animation, Action, Adventure",Avatar Korra fights to keep Republic City safe from the evil forces of both the physical and spiritual worlds.,8.4
https://www.imdb.com/search/title/?genres=adventure&start=1&ref_=adv_nxt,2020-06-14,Back to the Future,(1985),,116 min,"Adventure, Comedy, Sci-Fi","Marty McFly, a 17-year-old high school student, is accidentally sent thirty years into the past in a time-traveling DeLorean invented by his close friend, the eccentric scientist Doc Brown.",8.5
https://www.imdb.com/search/title/?genres=adventure&start=1&ref_=adv_nxt,2020-06-14,Star Trek: The Next Generation,(1987–1994),,44 min,"Action, Adventure, Mystery","Set almost 100 years after Captain Kirk's five-year mission, a new generation of Starfleet officers set off in the U.S.S. Enterprise-D on their own mission to go where no one has gone before.",8.6
https://www.imdb.com/search/title/?genres=adventure&start=1&ref_=adv_nxt,2020-06-14,Birds of Prey: And the Fantabulous Emancipation of One Harley Quinn,(2020),R,109 min,"Action, Adventure, Crime","After splitting with the Joker, Harley Quinn joins superheroes Black Canary, Huntress and Renee Montoya to save a young girl from an evil crime lord.",6.1
https://www.imdb.com/search/title/?genres=adventure&start=1&ref_=adv_nxt,2020-06-14,Shingeki no kyojin,(2013– ),,24 min,"Animation, Action, Adventure","After his hometown is destroyed and his mother is killed, young Eren Yeager vows to cleanse the earth of the giant humanoid Titans that have brought humanity to the brink of extinction.",8.8
https://www.imdb.com/search/title/?genres=adventure&start=1&ref_=adv_nxt,2020-06-14,Once Upon a Time,(2011–2018),,60 min,"Adventure, Fantasy, Romance",A young woman with a troubled past is drawn to a small town in Maine where fairy tales are to be believed.,7.7
https://www.imdb.com/search/title/?genres=adventure&start=1&ref_=adv_nxt,2020-06-14,Inception,(2010),PG-13,148 min,"Action, Adventure, Sci-Fi",A thief who steals corporate secrets through the use of dream-sharing technology is given the inverse task of planting an idea into the mind of a C.E.O.,8.8
https://www.imdb.com/search/title/?genres=adventure&start=1&ref_=adv_nxt,2020-06-14,Interstellar,(2014),PG-13,169 min,"Adventure, Drama, Sci-Fi",A team of explorers travel through a wormhole in space in an attempt to ensure humanity's survival.,8.6
https://www.imdb.com/search/title/?genres=adventure&start=1&ref_=adv_nxt,2020-06-14,Sonic the Hedgehog,(2020),PG,99 min,"Action, Adventure, Comedy","After discovering a small, blue, fast hedgehog, a small-town police officer must help him defeat an evil genius who wants to do experiments on him.",6.6
https://www.imdb.com/search/title/?genres=adventure&start=1&ref_=adv_nxt,2020-06-14,Хари Потер и Каменот на мудроста,(2001),PG,152 min,"Adventure, Family, Fantasy","An orphaned boy enrolls in a school of wizardry, where he learns the truth about himself, his family and the terrible evil that haunts the magical world.",7.6
https://www.imdb.com/search/title/?genres=adventure&start=1&ref_=adv_nxt,2020-06-14,Batwoman,(2019– ),,45 min,"Action, Adventure, Crime",Kate Kane seeks justice for Gotham City as Batwoman.,3.6
https://www.imdb.com/search/title/?genres=adventure&start=1&ref_=adv_nxt,2020-06-14,Zack Snyder's Justice League,(2021),,,"Action, Adventure, Fantasy","Director:
Zack Snyder
| 
    Stars:
Amy Adams, 
Ben Affleck, 
Henry Cavill, 
Ray Fisher",
https://www.imdb.com/search/title/?genres=adventure&start=1&ref_=adv_nxt,2020-06-14,Maleficent: Mistress of Evil,(2019),PG,119 min,"Adventure, Family, Fantasy","Maleficent and her goddaughter Aurora begin to question the complex family ties that bind them as they are pulled in different directions by impending nuptials, unexpected allies and dark new forces at play.",6.6
https://www.imdb.com/search/title/?genres=adventure&start=1&ref_=adv_nxt,2020-06-14,The VelociPastor,(2018),,75 min,"Action, Adventure, Comedy","After losing his parents, a priest travels to China, where he inherits a mysterious ability that allows him to turn into a dinosaur. At first horrified by this new power, a hooker convinces him to use it to fight crime. And ninjas.",5.2
https://www.imdb.com/search/title/?genres=adventure&start=1&ref_=adv_nxt,2020-06-14,The Umbrella Academy,(2019– ),,60 min,"Action, Adventure, Comedy","A family of former child heroes, now grown apart, must reunite to continue to protect the world.",7.9
https://www.imdb.com/search/title/?genres=adventure&start=1&ref_=adv_nxt,2020-06-14,Wonder Woman 1984,(2020),PG-13,,"Action, Adventure, Fantasy","Director:
Patty Jenkins
| 
    Stars:
Gal Gadot, 
Pedro Pascal, 
Connie Nielsen, 
Chris Pine",
https://www.imdb.com/search/title/?genres=adventure&start=1&ref_=adv_nxt,2020-06-14,Harley Quinn,(2019– ),,23 min,"Animation, Action, Adventure","The series focuses on a single Harley Quinn, who sets off to make it on her own in Gotham City.",8.5
https://www.imdb.com/search/title/?genres=adventure&start=1&ref_=adv_nxt,2020-06-14,Mulan,(I) (2020),PG-13,115 min,"Action, Adventure, Drama","Director:
Niki Caro
| 
    Stars:
Yifei Liu, 
Donnie Yen, 
Li Gong, 
Jet Li",
https://www.imdb.com/search/title/?genres=adventure&start=1&ref_=adv_nxt,2020-06-14,Thor: Ragnarok,(2017),PG-13,130 min,"Action, Adventure, Comedy","Imprisoned on the planet Sakaar, Thor must race against time to return to Asgard and stop Ragnarök, the destruction of his world, at the hands of the powerful and ruthless villain Hela.",7.9
https://www.imdb.com/search/title/?genres=adventure&start=1&ref_=adv_nxt,2020-06-14,Doom Patrol,(2019– ),,60 min,"Action, Adventure, Comedy",The adventures of an idealistic mad scientist and his field team of superpowered outcasts.,8.0
https://www.imdb.com/search/title/?genres=adventure&start=1&ref_=adv_nxt,2020-06-14,Jumanji: The Next Level,(2019),PG-13,123 min,"Action, Adventure, Comedy","In Jumanji: The Next Level, the gang is back but the game has changed. As they return to rescue one of their own, the players will have to brave parts unknown from arid deserts to snowy mountains, to escape the world's most dangerous game.",6.7
https://www.imdb.com/search/title/?genres=adventure&start=1&ref_=adv_nxt,2020-06-14,Justice League,(2017),PG-13,120 min,"Action, Adventure, Fantasy","Fueled by his restored faith in humanity and inspired by Superman's selfless act, Bruce Wayne enlists the help of his new-found ally, Diana Prince, to face an even greater enemy.",6.4
https://www.imdb.com/search/title/?genres=adventure&start=1&ref_=adv_nxt,2020-06-14,No Time to Die,(2020),PG-13,163 min,"Action, Adventure, Thriller","Director:
Cary Joji Fukunaga
| 
    Stars:
Ana de Armas, 
Daniel Craig, 
Léa Seydoux, 
Ralph Fiennes",
https://www.imdb.com/search/title/?genres=adventure&start=1&ref_=adv_nxt,2020-06-14,Onward,(I) (2020),PG,102 min,"Animation, Adventure, Comedy",Two elven brothers embark on a quest to bring their father back for one day.,7.5
https://www.imdb.com/search/title/?genres=adventure&start=1&ref_=adv_nxt,2020-06-14,Fantasy Island,(2020),PG-13,109 min,"Adventure, Fantasy, Horror","When the owner and operator of a luxurious island invites a collection of guests to live out their most elaborate fantasies in relative seclusion, chaos quickly descends.",4.8
https://www.imdb.com/search/title/?genres=adventure&start=1&ref_=adv_nxt,2020-06-14,Alita: Battle Angel,(2019),PG-13,122 min,"Action, Adventure, Sci-Fi","A deactivated cyborg is revived, but cannot remember anything of her past life and goes on a quest to find out who she is.",7.3
https://www.imdb.com/search/title/?genres=adventure&start=50&ref_=adv_nxt,2020-06-14,Alita: Battle Angel,(2019),PG-13,122 min,"Action, Adventure, Sci-Fi","A deactivated cyborg is revived, but cannot remember anything of her past life and goes on a quest to find out who she is.",7.3
https://www.imdb.com/search/title/?genres=adventure&start=50&ref_=adv_nxt,2020-06-14,Star Trek: Deep Space Nine,(1993–1999),,45 min,"Action, Adventure, Drama","In the vicinity of the liberated planet of Bajor, the Federation space station Deep Space Nine guards the opening of a stable wormhole to the far side of the galaxy.",7.9
https://www.imdb.com/search/title/?genres=adventure&start=50&ref_=adv_nxt,2020-06-14,Captain America: The First Avenger,(2011),PG-13,124 min,"Action, Adventure, Sci-Fi","Steve Rogers, a rejected military soldier, transforms into Captain America after taking a dose of a ""Super-Soldier serum"". But being Captain America comes at a price as he attempts to take down a war monger and a terrorist organization.",6.9
https://www.imdb.com/search/title/?genres=adventure&start=50&ref_=adv_nxt,2020-06-14,Mad Max: Fury Road,(2015),R,120 min,"Action, Adventure, Sci-Fi","In a post-apocalyptic wasteland, a woman rebels against a tyrannical ruler in search for her homeland with the aid of a group of female prisoners, a psychotic worshiper, and a drifter named Max.",8.1
https://www.imdb.com/search/title/?genres=adventure&start=50&ref_=adv_nxt,2020-06-14,Inglourious Basterds,(2009),R,153 min,"Adventure, Drama, War","In Nazi-occupied France during World War II, a plan to assassinate Nazi leaders by a group of Jewish U.S. soldiers coincides with a theatre owner's vengeful plans for the same.",8.3
https://www.imdb.com/search/title/?genres=adventure&start=50&ref_=adv_nxt,2020-06-14,The Hunger Games,(2012),PG-13,142 min,"Action, Adventure, Sci-Fi",Katniss Everdeen voluntarily takes her younger sister's place in the Hunger Games: a televised competition in which two teenagers from each of the twelve Districts of Panem are chosen at random to fight to the death.,7.2
https://www.imdb.com/search/title/?genres=adventure&start=50&ref_=adv_nxt,2020-06-14,Midway,(2019),PG-13,138 min,"Action, Adventure, Drama","The story of the Battle of Midway, told by the leaders and the sailors who fought it.",6.7
https://www.imdb.com/search/title/?genres=adventure&start=50&ref_=adv_nxt,2020-06-14,Smallville,(2001–2011),,60 min,"Adventure, Drama, Romance","A young Clark Kent struggles to find his place in the world as he learns to harness his alien powers for good and deals with the typical troubles of teenage life in Smallville, Kansas.",7.4
https://www.imdb.com/search/title/?genres=adventure&start=50&ref_=adv_nxt,2020-06-14,Fast & Furious Presents: Hobbs & Shaw,(2019),,137 min,"Action, Adventure","Lawman Luke Hobbs (Dwayne ""The Rock"" Johnson) and outcast Deckard Shaw (Jason Statham) form an unlikely alliance when a cyber-genetically enhanced villain threatens the future of humanity.",6.5
https://www.imdb.com/search/title/?genres=adventure&start=50&ref_=adv_nxt,2020-06-14,Indiana Jones and the Last Crusade,(1989),PG-13,127 min,"Action, Adventure","In 1938, after his father Professor Henry Jones, Sr. goes missing while pursuing the Holy Grail, Professor Henry ""Indiana"" Jones, Jr. finds himself up against Adolf Hitler's Nazis again to stop them from obtaining its powers.",8.2
https://www.imdb.com/search/title/?genres=adventure&start=50&ref_=adv_nxt,2020-06-14,Dolittle,(2020),PG,101 min,"Adventure, Comedy, Family",A physician who can talk to animals embarks on an adventure to find a legendary island with a young apprentice and a crew of strange pets.,5.6
https://www.imdb.com/search/title/?genres=adventure&start=50&ref_=adv_nxt,2020-06-14,Avengers: Infinity War,(2018),PG-13,149 min,"Action, Adventure, Sci-Fi",The Avengers and their allies must be willing to sacrifice all in an attempt to defeat the powerful Thanos before his blitz of devastation and ruin puts an end to the universe.,8.5
https://www.imdb.com/search/title/?genres=adventure&start=50&ref_=adv_nxt,2020-06-14,Titans,(I) (2018– ),,45 min,"Action, Adventure, Crime",A team of young superheroes combat evil and other perils.,7.8
https://www.imdb.com/search/title/?genres=adventure&start=50&ref_=adv_nxt,2020-06-14,Blood Machines,(2019),,50 min,"Adventure, Music, Sci-Fi",An artificial intelligence escapes her spaceship to turn into a female ghost and challenges two blade runners to a galactic chase.,6.4
https://www.imdb.com/search/title/?genres=adventure&start=50&ref_=adv_nxt,2020-06-14,Star Trek: Discovery,(2017– ),,60 min,"Action, Adventure, Drama","Ten years before Kirk, Spock, and the Enterprise, the USS Discovery discovers new worlds and lifeforms as one Starfleet officer learns to understand all things alien.",7.3
https://www.imdb.com/search/title/?genres=adventure&start=50&ref_=adv_nxt,2020-06-14,Jurassic Park,(1993),PG-13,127 min,"Action, Adventure, Sci-Fi",A pragmatic paleontologist visiting an almost complete theme park is tasked with protecting a couple of kids after a power failure causes the park's cloned dinosaurs to run loose.,8.1
https://www.imdb.com/search/title/?genres=adventure&start=50&ref_=adv_nxt,2020-06-14,The Dark Knight Rises,(2012),PG-13,164 min,"Action, Adventure","Eight years after the Joker's reign of anarchy, Batman, with the help of the enigmatic Catwoman, is forced from his exile to save Gotham City from the brutal guerrilla terrorist Bane.",8.4
https://www.imdb.com/search/title/?genres=adventure&start=50&ref_=adv_nxt,2020-06-14,Suicide Squad,(2016),PG-13,123 min,"Action, Adventure, Fantasy",A secret government agency recruits some of the most dangerous incarcerated super-villains to form a defensive task force. Their first mission: save the world from the apocalypse.,6.0
https://www.imdb.com/search/title/?genres=adventure&start=50&ref_=adv_nxt,2020-06-14,Dirilis: Ertugrul,(2014–2019),,120 min,"Action, Adventure, Drama","The heroic story of Ertugrul Ghazi, the father of Osman (Uthman) who founded the Ottoman Empire.",7.8
https://www.imdb.com/search/title/?genres=adventure&start=50&ref_=adv_nxt,2020-06-14,Star Trek: Voyager,(1995–2001),,44 min,"Action, Adventure, Sci-Fi","Pulled to the far side of the galaxy, where the Federation is seventy-five years away at maximum warp speed, a Starfleet ship must cooperate with Maquis rebels to find a way home.",7.8
https://www.imdb.com/search/title/?genres=adventure&start=50&ref_=adv_nxt,2020-06-14,Black Widow,(2020),,,"Action, Adventure, Sci-Fi","Director:
Cate Shortland
| 
    Stars:
Scarlett Johansson, 
Robert Downey Jr., 
Florence Pugh, 
Rachel Weisz",
https://www.imdb.com/search/title/?genres=adventure&start=50&ref_=adv_nxt,2020-06-14,Twister,(I) (1996),,113 min,"Action, Adventure, Thriller","Bill and Jo Harding, advanced storm chasers on the brink of divorce, must join together to create an advanced weather alert system by putting themselves in the cross-hairs of extremely violent tornadoes.",6.4
https://www.imdb.com/search/title/?genres=adventure&start=50&ref_=adv_nxt,2020-06-14,Spartacus: Blood and Sand,(2010–2013),,55 min,"Action, Adventure, Biography","The life of Spartacus, the gladiator who lead a rebellion against the Romans. From his time as an ally of the Romans, to his betrayal and becoming a gladiator, to the rebellion he leads and its ultimate outcome.",8.5
https://www.imdb.com/search/title/?genres=adventure&start=50&ref_=adv_nxt,2020-06-14,The Goonies,(1985),,114 min,"Adventure, Comedy, Family",A group of young misfits called The Goonies discover an ancient map and set out on an adventure to find a legendary pirate's long-lost treasure.,7.8
https://www.imdb.com/search/title/?genres=adventure&start=50&ref_=adv_nxt,2020-06-14,Fantastic Beasts and Where to Find Them,(2016),PG-13,132 min,"Adventure, Family, Fantasy",The adventures of writer Newt Scamander in New York's secret community of witches and wizards seventy years before Harry Potter reads his book in school.,7.3
https://www.imdb.com/search/title/?genres=adventure&start=50&ref_=adv_nxt,2020-06-14,The Call of the Wild,(2020),PG,100 min,"Adventure, Drama, Family",A sled dog struggles for survival in the wilds of the Yukon.,6.8
https://www.imdb.com/search/title/?genres=adventure&start=50&ref_=adv_nxt,2020-06-14,Aladdin,(2019),PG,128 min,"Adventure, Family, Fantasy",A kind-hearted street urchin and a power-hungry Grand Vizier vie for a magic lamp that has the power to make their deepest wishes come true.,7.0
https://www.imdb.com/search/title/?genres=adventure&start=50&ref_=adv_nxt,2020-06-14,Black Panther,(2018),PG-13,134 min,"Action, Adventure, Sci-Fi","T'Challa, heir to the hidden but advanced kingdom of Wakanda, must step forward to lead his people into a new future and must confront a challenger from his country's past.",7.3
https://www.imdb.com/search/title/?genres=adventure&start=50&ref_=adv_nxt,2020-06-14,Star Trek: Picard,(2020– ),,46 min,"Action, Adventure, Drama",Follow-up series to Star Trek: The Next Generation (1987) and Star Trek: Nemesis (2002) that centers on Jean-Luc Picard (Sir Patrick Stewart) in the next chapter of his life.,7.6
https://www.imdb.com/search/title/?genres=adventure&start=50&ref_=adv_nxt,2020-06-14,Орвил,(2017– ),,44 min,"Adventure, Comedy, Drama",An exploratory ship from Earth faces intergalactic challenges 400 years in the future.,8.0
https://www.imdb.com/search/title/?genres=adventure&start=50&ref_=adv_nxt,2020-06-14,The Lion King,(2019),PG,118 min,"Animation, Adventure, Drama","After the murder of his father, a young lion prince flees his kingdom only to learn the true meaning of responsibility and bravery.",6.9
https://www.imdb.com/search/title/?genres=adventure&start=50&ref_=adv_nxt,2020-06-14,Pirates of the Caribbean: Dead Men Tell No Tales,(2017),PG-13,129 min,"Action, Adventure, Fantasy",Captain Jack Sparrow is pursued by old rival Captain Salazar and a crew of deadly ghosts who have escaped from the Devil's Triangle. They're determined to kill every pirate at sea...notably Jack.,6.6
https://www.imdb.com/search/title/?genres=adventure&start=50&ref_=adv_nxt,2020-06-14,Gospodarot na prstenite: Vrakjanjeto na kralot,(2003),PG-13,201 min,"Adventure, Drama, Fantasy",Gandalf and Aragorn lead the World of Men against Sauron's army to draw his gaze from Frodo and Sam as they approach Mount Doom with the One Ring.,8.9
https://www.imdb.com/search/title/?genres=adventure&start=50&ref_=adv_nxt,2020-06-14,Guardians of the Galaxy,(2014),PG-13,121 min,"Action, Adventure, Comedy",A group of intergalactic criminals must pull together to stop a fanatical warrior with plans to purge the universe.,8.0
https://www.imdb.com/search/title/?genres=adventure&start=50&ref_=adv_nxt,2020-06-14,Mission: Impossible - Fallout,(2018),PG-13,147 min,"Action, Adventure, Thriller","Ethan Hunt and his IMF team, along with some familiar allies, race against time after a mission gone wrong.",7.7
https://www.imdb.com/search/title/?genres=adventure&start=50&ref_=adv_nxt,2020-06-14,Avatar,(2009),PG-13,162 min,"Action, Adventure, Fantasy",A paraplegic Marine dispatched to the moon Pandora on a unique mission becomes torn between following his orders and protecting the world he feels is his home.,7.8
https://www.imdb.com/search/title/?genres=adventure&start=50&ref_=adv_nxt,2020-06-14,Spider-Man: Far from Home,(2019),PG-13,129 min,"Action, Adventure, Sci-Fi","Following the events of Avengers: Endgame (2019), Spider-Man must step up to take on new threats in a world that has changed forever.",7.5
https://www.imdb.com/search/title/?genres=adventure&start=50&ref_=adv_nxt,2020-06-14,Хари Потер и Реликвиите на смртта - 2 дел,(2011),PG-13,130 min,"Adventure, Drama, Fantasy","Harry, Ron, and Hermione search for Voldemort's remaining Horcruxes in their effort to destroy the Dark Lord as the final battle rages on at Hogwarts.",8.1
https://www.imdb.com/search/title/?genres=adventure&start=50&ref_=adv_nxt,2020-06-14,Terminator: Dark Fate,(2019),R,128 min,"Action, Adventure, Sci-Fi","An augmented human and Sarah Connor must stop an advanced liquid Terminator from hunting down a young girl, whose fate is critical to the human race.",6.3
https://www.imdb.com/search/title/?genres=adventure&start=50&ref_=adv_nxt,2020-06-14,Frozen II,(2019),PG,103 min,"Animation, Adventure, Comedy","Anna, Elsa, Kristoff, Olaf and Sven leave Arendelle to travel to an ancient, autumn-bound forest of an enchanted land. They set out to find the origin of Elsa's powers in order to save their kingdom.",6.9
https://www.imdb.com/search/title/?genres=adventure&start=50&ref_=adv_nxt,2020-06-14,Ad Astra,(2019),PG-13,123 min,"Adventure, Drama, Mystery","Astronaut Roy McBride undertakes a mission across an unforgiving solar system to uncover the truth about his missing father and his doomed expedition that now, 30 years later, threatens the universe.",6.6
https://www.imdb.com/search/title/?genres=adventure&start=50&ref_=adv_nxt,2020-06-14,Trolls World Tour,(2020),PG,90 min,"Animation, Adventure, Comedy","When the Queen of the Hard Rock Trolls tries to take over all the Troll kingdoms, Queen Poppy and her friends try different ways to save all the Trolls.",6.1
https://www.imdb.com/search/title/?genres=adventure&start=50&ref_=adv_nxt,2020-06-14,Jaws,(1975),,124 min,"Adventure, Thriller","When a killer shark unleashes chaos on a beach community, it's up to a local sheriff, a marine biologist, and an old seafarer to hunt the beast down.",8.0
https://www.imdb.com/search/title/?genres=adventure&start=50&ref_=adv_nxt,2020-06-14,Pirates of the Caribbean: The Curse of the Black Pearl,(2003),PG-13,143 min,"Action, Adventure, Fantasy","Blacksmith Will Turner teams up with eccentric pirate ""Captain"" Jack Sparrow to save his love, the governor's daughter, from Jack's former pirate allies, who are now undead.",8.0
https://www.imdb.com/search/title/?genres=adventure&start=50&ref_=adv_nxt,2020-06-14,Star Trek,(1966–1969),,50 min,"Action, Adventure, Sci-Fi","In the 23rd Century, Captain James T. Kirk and the crew of the U.S.S. Enterprise explore the galaxy and defend the United Federation of Planets.",8.3
https://www.imdb.com/search/title/?genres=adventure&start=50&ref_=adv_nxt,2020-06-14,Star Wars: Rebels,(2014–2018),,22 min,"Animation, Action, Adventure",A brave and clever ragtag starship crew stands up against the evil Empire as it tightens its grip on the galaxy and hunts down the last of the Jedi Knights.,8.0
https://www.imdb.com/search/title/?genres=adventure&start=50&ref_=adv_nxt,2020-06-14,Stargate SG-1,(1997–2007),,44 min,"Action, Adventure, Drama","A secret military team, SG-1, is formed to explore other planets through the recently discovered Stargates.",8.4
https://www.imdb.com/search/title/?genres=adventure&start=50&ref_=adv_nxt,2020-06-14,Gladiator,(2000),R,155 min,"Action, Adventure, Drama",A former Roman General sets out to exact vengeance against the corrupt emperor who murdered his family and sent him into slavery.,8.5
https://www.imdb.com/search/title/?genres=adventure&start=50&ref_=adv_nxt,2020-06-14,Dune,(1984),,137 min,"Action, Adventure, Sci-Fi",A Duke's son leads desert warriors against the galactic emperor and his father's evil nemesis when they assassinate his father and free their desert world from the emperor's rule.,6.5
https://www.imdb.com/search/title/?genres=adventure&start=50&ref_=adv_nxt,2020-06-14,Battlestar Galactica,(2004–2009),,44 min,"Action, Adventure, Drama","When an old enemy, the Cylons, resurface and obliterate the 12 colonies, the crew of the aged Galactica protect a small civilian fleet - the last of humanity - as they journey toward the fabled 13th colony, Earth.",8.7
https://www.imdb.com/search/title/?genres=adventure&start=100&ref_=adv_nxt,2020-06-14,Stargate,(1994),PG-13,116 min,"Action, Adventure, Sci-Fi","An interstellar teleportation device, found in Egypt, leads to a planet with humans resembling ancient Egyptians who worship the god Ra.",7.1
https://www.imdb.com/search/title/?genres=adventure&start=100&ref_=adv_nxt,2020-06-14,The Princess Bride,(1987),,98 min,"Adventure, Family, Fantasy","While home sick in bed, a young boy's grandfather reads him the story of a farmboy-turned-pirate who encounters numerous obstacles, enemies and allies in his quest to be reunited with his true love.",8.1
https://www.imdb.com/search/title/?genres=adventure&start=100&ref_=adv_nxt,2020-06-14,Captain America: Civil War,(2016),PG-13,147 min,"Action, Adventure, Sci-Fi",Political involvement in the Avengers' affairs causes a rift between Captain America and Iron Man.,7.8
https://www.imdb.com/search/title/?genres=adventure&start=100&ref_=adv_nxt,2020-06-14,Apocalypto,(2006),R,139 min,"Action, Adventure, Drama","As the Mayan kingdom faces its decline, a young man is taken on a perilous journey to a world ruled by fear and oppression.",7.8
https://www.imdb.com/search/title/?genres=adventure&start=100&ref_=adv_nxt,2020-06-14,Raiders of the Lost Ark,(1981),PG,115 min,"Action, Adventure","In 1936, archaeologist and adventurer Indiana Jones is hired by the U.S. government to find the Ark of the Covenant before Adolf Hitler's Nazis can obtain its awesome powers.",8.4
https://www.imdb.com/search/title/?genres=adventure&start=100&ref_=adv_nxt,2020-06-14,Captain Marvel,(2019),PG-13,123 min,"Action, Adventure, Sci-Fi",Carol Danvers becomes one of the universe's most powerful heroes when Earth is caught in the middle of a galactic war between two alien races.,6.9
https://www.imdb.com/search/title/?genres=adventure&start=100&ref_=adv_nxt,2020-06-14,Fantastic Beasts: The Crimes of Grindelwald,(2018),PG-13,134 min,"Adventure, Family, Fantasy","The second installment of the ""Fantastic Beasts"" series featuring the adventures of Magizoologist Newt Scamander.",6.6
https://www.imdb.com/search/title/?genres=adventure&start=100&ref_=adv_nxt,2020-06-14,The Punisher,(2017–2019),,53 min,"Action, Adventure, Crime","After the murder of his family, Marine veteran Frank Castle becomes the vigilante known as ""The Punisher,"" with only one goal in mind: to avenge them.",8.5
https://www.imdb.com/search/title/?genres=adventure&start=100&ref_=adv_nxt,2020-06-14,Black Sails,(2014–2017),,56 min,"Adventure, Drama","Follows Captain Flint and his pirates twenty years prior to Robert Louis Stevenson's classic novel ""Treasure Island.""",8.2
https://www.imdb.com/search/title/?genres=adventure&start=100&ref_=adv_nxt,2020-06-14,Wonder Woman,(2017),PG-13,141 min,"Action, Adventure, Fantasy","When a pilot crashes and tells of conflict in the outside world, Diana, an Amazonian warrior in training, leaves home to fight a war, discovering her full powers and true destiny.",7.4
https://www.imdb.com/search/title/?genres=adventure&start=100&ref_=adv_nxt,2020-06-14,Jumanji: Welcome to the Jungle,(2017),PG-13,119 min,"Action, Adventure, Comedy","Four teenagers are sucked into a magical video game, and the only way they can escape is to work together to finish the game.",6.9
https://www.imdb.com/search/title/?genres=adventure&start=100&ref_=adv_nxt,2020-06-14,Spider-Man: Into the Spider-Verse,(2018),PG,117 min,"Animation, Action, Adventure","Teen Miles Morales becomes Spider-Man of his reality, crossing his path with five counterparts from other dimensions to stop a threat for all realities.",8.4
https://www.imdb.com/search/title/?genres=adventure&start=100&ref_=adv_nxt,2020-06-14,Ready Player One,(2018),PG-13,140 min,"Action, Adventure, Sci-Fi","When the creator of a virtual reality called the OASIS dies, he makes a posthumous challenge to all OASIS users to find his Easter Egg, which will give the finder his fortune and control of his world.",7.5
https://www.imdb.com/search/title/?genres=adventure&start=100&ref_=adv_nxt,2020-06-14,Merlin,(2008–2012),,45 min,"Adventure, Drama, Fantasy","These are the brand new adventures of Merlin, the legendary sorcerer as a young man, when he was just a servant to young Prince Arthur on the royal court of Camelot, who has soon become his best friend, and turned Arthur into a great king and a legend.",7.9
https://www.imdb.com/search/title/?genres=adventure&start=100&ref_=adv_nxt,2020-06-14,S.W.A.T.,(2017– ),,43 min,"Action, Adventure, Crime",Follows a locally born and bred S.W.A.T. sergeant and his team of highly-trained men and women as they solve crimes in Los Angeles.,7.0
https://www.imdb.com/search/title/?genres=adventure&start=100&ref_=adv_nxt,2020-06-14,Aquaman,(2018),PG-13,143 min,"Action, Adventure, Fantasy","Arthur Curry (Jason Momoa), the human-born heir to the underwater kingdom of Atlantis, goes on a quest to prevent a war between the worlds of ocean and land.",7.0
https://www.imdb.com/search/title/?genres=adventure&start=100&ref_=adv_nxt,2020-06-14,Хари Потер и Пламениот пехар,(2005),PG-13,157 min,"Adventure, Family, Fantasy","Harry Potter finds himself competing in a hazardous tournament between rival schools of magic, but he is distracted by recurring nightmares.",7.7
https://www.imdb.com/search/title/?genres=adventure&start=100&ref_=adv_nxt,2020-06-14,"Magnum, P.I.",(1980–1988),,48 min,"Action, Adventure, Crime",The adventures of a Hawaii based private investigator.,7.5
https://www.imdb.com/search/title/?genres=adventure&start=100&ref_=adv_nxt,2020-06-14,Shazam!,(2019),PG-13,132 min,"Action, Adventure, Comedy",A newly fostered young boy in search of his mother instead finds unexpected super powers and soon gains a powerful enemy.,7.1
https://www.imdb.com/search/title/?genres=adventure&start=100&ref_=adv_nxt,2020-06-14,Legacies,(2018– ),,45 min,"Adventure, Drama, Fantasy","Hope Mikaelson, a tribrid daughter of a Vampire/Werewolf hybrid, makes her way in the world.",7.5
https://www.imdb.com/search/title/?genres=adventure&start=100&ref_=adv_nxt,2020-06-14,Avengers: Age of Ultron,(2015),PG-13,141 min,"Action, Adventure, Sci-Fi","When Tony Stark and Bruce Banner try to jump-start a dormant peacekeeping program called Ultron, things go horribly wrong and it's up to Earth's mightiest heroes to stop the villainous Ultron from enacting his terrible plan.",7.3
https://www.imdb.com/search/title/?genres=adventure&start=100&ref_=adv_nxt,2020-06-14,Sen to Chihiro no kamikakushi,(2001),PG,125 min,"Animation, Adventure, Family","During her family's move to the suburbs, a sullen 10-year-old girl wanders into a world ruled by gods, witches, and spirits, and where humans are changed into beasts.",8.6
https://www.imdb.com/search/title/?genres=adventure&start=100&ref_=adv_nxt,2020-06-14,Gospodarot na prstenite: Dvete kuli,(2002),PG-13,179 min,"Adventure, Drama, Fantasy","While Frodo and Sam edge closer to Mordor with the help of the shifty Gollum, the divided fellowship makes a stand against Sauron's new ally, Saruman, and his hordes of Isengard.",8.7
https://www.imdb.com/search/title/?genres=adventure&start=100&ref_=adv_nxt,2020-06-14,Artemis Fowl,(2020),PG,95 min,"Adventure, Family, Fantasy","Artemis Fowl, a young criminal prodigy, hunts down a secret society of fairies to find his missing father.",3.9
https://www.imdb.com/search/title/?genres=adventure&start=100&ref_=adv_nxt,2020-06-14,Batman Begins,(2005),PG-13,140 min,"Action, Adventure","After training with his mentor, Batman begins his fight to free crime-ridden Gotham City from corruption.",8.2
https://www.imdb.com/search/title/?genres=adventure&start=100&ref_=adv_nxt,2020-06-14,Rampage,(2018),PG-13,107 min,"Action, Adventure, Sci-Fi","When three different animals become infected with a dangerous pathogen, a primatologist and a geneticist team up to stop them from destroying Chicago.",6.1
https://www.imdb.com/search/title/?genres=adventure&start=100&ref_=adv_nxt,2020-06-14,Starship Troopers,(1997),R,129 min,"Action, Adventure, Sci-Fi","Humans in a fascist, militaristic future wage war with giant alien bugs.",7.2
https://www.imdb.com/search/title/?genres=adventure&start=100&ref_=adv_nxt,2020-06-14,Up,(2009),PG,96 min,"Animation, Adventure, Comedy","78-year-old Carl Fredricksen travels to Paradise Falls in his house equipped with balloons, inadvertently taking a young stowaway.",8.2
https://www.imdb.com/search/title/?genres=adventure&start=100&ref_=adv_nxt,2020-06-14,Tomb Raider,(2018),PG-13,119 min,"Action, Adventure, Fantasy","Lara Croft (Alicia Vikander), the fiercely independent daughter of a missing adventurer, must push herself beyond her limits when she discovers the island where her father, Lord Richard Croft (Dominic West) disappeared.",6.3
https://www.imdb.com/search/title/?genres=adventure&start=100&ref_=adv_nxt,2020-06-14,The Eternals,(2021),,,"Action, Adventure, Drama","Director:
Chloé Zhao
| 
    Stars:
Angelina Jolie, 
Richard Madden, 
Kumail Nanjiani, 
Salma Hayek",
https://www.imdb.com/search/title/?genres=adventure&start=100&ref_=adv_nxt,2020-06-14,Charlie's Angels,(2019),PG-13,118 min,"Action, Adventure, Comedy","When a young systems engineer blows the whistle on a dangerous technology, Charlie's Angels are called into action, putting their lives on the line to protect us all.",4.7
https://www.imdb.com/search/title/?genres=adventure&start=100&ref_=adv_nxt,2020-06-14,Baywatch,(1989–2001),,60 min,"Action, Adventure, Crime","At a Los Angeles beach, a team of lifeguards led by Lieutenant Mitch Buchannon save lives, deal with personal dramas, fight crime and participate in over the top adventures on a daily basis.",5.3
https://www.imdb.com/search/title/?genres=adventure&start=100&ref_=adv_nxt,2020-06-14,Deadpool 2,(2018),R,119 min,"Action, Adventure, Comedy","Foul-mouthed mutant mercenary Wade Wilson (a.k.a. Deadpool), brings together a team of fellow mutant rogues to protect a young boy with supernatural abilities from the brutal, time-traveling cyborg Cable.",7.7
https://www.imdb.com/search/title/?genres=adventure&start=100&ref_=adv_nxt,2020-06-14,Spider-Man: Homecoming,(2017),PG-13,133 min,"Action, Adventure, Sci-Fi","Peter Parker balances his life as an ordinary high school student in Queens with his superhero alter-ego Spider-Man, and finds himself on the trail of a new menace prowling the skies of New York City.",7.4
https://www.imdb.com/search/title/?genres=adventure&start=100&ref_=adv_nxt,2020-06-14,Star Wars,(1977),PG,121 min,"Action, Adventure, Fantasy","Luke Skywalker joins forces with a Jedi Knight, a cocky pilot, a Wookiee and two droids to save the galaxy from the Empire's world-destroying battle station, while also attempting to rescue Princess Leia from the mysterious Darth Vader.",8.6
https://www.imdb.com/search/title/?genres=adventure&start=100&ref_=adv_nxt,2020-06-14,His Dark Materials,(2019– ),,60 min,"Adventure, Drama, Family",A young girl is destined to liberate her world from the grip of the Magisterium which represses people's ties to magic and their animal spirits known as daemons.,7.9
https://www.imdb.com/search/title/?genres=adventure&start=100&ref_=adv_nxt,2020-06-14,Operation Buffalo,(2020– ),,52 min,"Adventure, Comedy, Drama","In Maralinga, South Australia, at the height of the Cold War, at a remote army base carrying out British nuclear testing, paranoia runs rife and nuclear bombs are not the only things being put to the test.",4.5
https://www.imdb.com/search/title/?genres=adventure&start=100&ref_=adv_nxt,2020-06-14,The Hobbit: An Unexpected Journey,(2012),PG-13,169 min,"Adventure, Family, Fantasy","A reluctant Hobbit, Bilbo Baggins, sets out to the Lonely Mountain with a spirited group of dwarves to reclaim their mountain home, and the gold within it from the dragon Smaug.",7.8
https://www.imdb.com/search/title/?genres=adventure&start=100&ref_=adv_nxt,2020-06-14,Dinosaurus!,(1960),,83 min,"Adventure, Comedy, Fantasy","After undersea explosions near a Caribbean island, prehistoric creatures are unleashed on the unsuspecting population. Freed from his watery tomb, as well, is a very friendly Neanderthal ...                See full summary »",5.0
https://www.imdb.com/search/title/?genres=adventure&start=100&ref_=adv_nxt,2020-06-14,Man of Steel,(2013),PG-13,143 min,"Action, Adventure, Sci-Fi","An alien child is evacuated from his dying world and sent to Earth to live among humans. His peace is threatened, when survivors of his home planet invade Earth.",7.0
https://www.imdb.com/search/title/?genres=adventure&start=100&ref_=adv_nxt,2020-06-14,She-Ra and the Princesses of Power,(2018–2020),,30 min,"Animation, Action, Adventure","She-Ra, Princess of Power, leads a rebellion to free her land of Etheria from the monstrous invaders the Horde.",7.5
https://www.imdb.com/search/title/?genres=adventure&start=100&ref_=adv_nxt,2020-06-14,Back to the Future Part II,(1989),,108 min,"Adventure, Comedy, Sci-Fi","After visiting 2015, Marty McFly must repeat his visit to 1955 to prevent disastrous changes to 1985...without interfering with his first trip.",7.8
https://www.imdb.com/search/title/?genres=adventure&start=100&ref_=adv_nxt,2020-06-14,Хари Потер и Затвореникот од Азкабан,(2004),PG,142 min,"Adventure, Family, Fantasy","Harry Potter, Ron and Hermione return to Hogwarts School of Witchcraft and Wizardry for their third year of study, where they delve into the mystery surrounding an escaped prisoner who poses a dangerous threat to the young wizard.",7.9
https://www.imdb.com/search/title/?genres=adventure&start=100&ref_=adv_nxt,2020-06-14,Guardians of the Galaxy Vol. 2,(2017),PG-13,136 min,"Action, Adventure, Comedy","The Guardians struggle to keep together as a team while dealing with their personal family issues, notably Star-Lord's encounter with his father the ambitious celestial being Ego.",7.6
https://www.imdb.com/search/title/?genres=adventure&start=100&ref_=adv_nxt,2020-06-14,Star Wars: Episode I - The Phantom Menace,(1999),PG,136 min,"Action, Adventure, Fantasy","Two Jedi escape a hostile blockade to find allies and come across a young boy who may bring balance to the Force, but the long dormant Sith resurface to claim their old glory.",6.5
https://www.imdb.com/search/title/?genres=adventure&start=100&ref_=adv_nxt,2020-06-14,Moana,(I) (2016),PG,107 min,"Animation, Adventure, Comedy","In Ancient Polynesia, when a terrible curse incurred by the Demigod Maui reaches Moana's island, she answers the Ocean's call to seek out the Demigod to set things right.",7.6
https://www.imdb.com/search/title/?genres=adventure&start=100&ref_=adv_nxt,2020-06-14,The Revenant,(2015),R,156 min,"Action, Adventure, Biography",A frontiersman on a fur trading expedition in the 1820s fights for survival after being mauled by a bear and left for dead by members of his own hunting team.,8.0
https://www.imdb.com/search/title/?genres=adventure&start=100&ref_=adv_nxt,2020-06-14,Batman v Superman: Dawn of Justice,(2016),PG-13,151 min,"Action, Adventure, Sci-Fi","Fearing that the actions of Superman are left unchecked, Batman takes on the Man of Steel, while the world wrestles with what kind of a hero it really needs.",6.5
https://www.imdb.com/search/title/?genres=adventure&start=100&ref_=adv_nxt,2020-06-14,The Martian,(2015),PG-13,144 min,"Adventure, Drama, Sci-Fi","An astronaut becomes stranded on Mars after his team assume him dead, and must rely on his ingenuity to find a way to signal to Earth that he is alive.",8.0
https://www.imdb.com/search/title/?genres=adventure&start=100&ref_=adv_nxt,2020-06-14,Colony,(2016–2018),,42 min,"Action, Adventure, Drama","In the wake of a mysterious alien invasion, a family fights to stay together in a new world order.",7.4
https://www.imdb.com/search/title/?genres=adventure&start=150&ref_=adv_nxt,2020-06-14,F9,(2021),,145 min,"Action, Adventure, Crime","Director:
Justin Lin
| 
    Stars:
Charlize Theron, 
Vin Diesel, 
Michelle Rodriguez, 
Helen Mirren",
https://www.imdb.com/search/title/?genres=adventure&start=150&ref_=adv_nxt,2020-06-14,Toy Story 4,(2019),G,100 min,"Animation, Adventure, Comedy","When a new toy called ""Forky"" joins Woody and the gang, a road trip alongside old and new friends reveals how big the world can be for a toy.",7.8
https://www.imdb.com/search/title/?genres=adventure&start=150&ref_=adv_nxt,2020-06-14,Boku no hîrô akademia,(2016– ),,24 min,"Animation, Action, Adventure",A superhero-loving boy without any powers is determined to enroll in a prestigious hero academy and learn what it really means to be a hero.,8.5
https://www.imdb.com/search/title/?genres=adventure&start=150&ref_=adv_nxt,2020-06-14,Monster Hunter,(2020),PG-13,,"Action, Adventure, Fantasy","Director:
Paul W.S. Anderson
| 
    Stars:
Milla Jovovich, 
Tony Jaa, 
T.I., 
Meagan Good",
https://www.imdb.com/search/title/?genres=adventure&start=150&ref_=adv_nxt,2020-06-14,The Avengers,(2012),PG-13,143 min,"Action, Adventure, Sci-Fi",Earth's mightiest heroes must come together and learn to fight as a team if they are going to stop the mischievous Loki and his alien army from enslaving humanity.,8.0
https://www.imdb.com/search/title/?genres=adventure&start=150&ref_=adv_nxt,2020-06-14,Stand by Me,(1986),,89 min,"Adventure, Drama","After the death of one of his friends, a writer recounts a childhood journey with his friends to find the body of a missing boy.",8.1
https://www.imdb.com/search/title/?genres=adventure&start=150&ref_=adv_nxt,2020-06-14,Dark Phoenix,(2019),PG-13,113 min,"Action, Adventure, Sci-Fi","Jean Grey begins to develop incredible powers that corrupt and turn her into a Dark Phoenix, causing the X-Men to decide if her life is worth more than all of humanity.",5.8
https://www.imdb.com/search/title/?genres=adventure&start=150&ref_=adv_nxt,2020-06-14,Avatar 2,(2021),,,"Action, Adventure, Fantasy","Director:
James Cameron
| 
    Stars:
Oona Chaplin, 
Zoe Saldana, 
Vin Diesel, 
Kate Winslet",
https://www.imdb.com/search/title/?genres=adventure&start=150&ref_=adv_nxt,2020-06-14,Future Man,(2017–2020),,30 min,"Action, Adventure, Comedy","Josh Futturman, a janitor by day and a gamer by night, is recruited by mysterious visitors to travel through time to prevent the extinction of humanity.",7.8
https://www.imdb.com/search/title/?genres=adventure&start=150&ref_=adv_nxt,2020-06-14,The SpongeBob Movie: Sponge on the Run,(2020),PG,,"Animation, Adventure, Comedy","Director:
Tim Hill
| 
    Stars:
Keanu Reeves, 
Awkwafina, 
Clancy Brown, 
Tom Kenny",
https://www.imdb.com/search/title/?genres=adventure&start=150&ref_=adv_nxt,2020-06-14,King Arthur: Legend of the Sword,(2017),PG-13,126 min,"Action, Adventure, Drama","Robbed of his birthright, Arthur comes up the hard way in the back alleys of the city. But once he pulls the sword from the stone, he is forced to acknowledge his true legacy - whether he likes it or not.",6.7
https://www.imdb.com/search/title/?genres=adventure&start=150&ref_=adv_nxt,2020-06-14,Into the Wild,(2007),R,148 min,"Adventure, Biography, Drama","After graduating from Emory University, top student and athlete Christopher McCandless abandons his possessions, gives his entire $24,000 savings account to charity and hitchhikes to Alaska to live in the wilderness. Along the way, Christopher encounters a series of characters that shape his life.",8.1
https://www.imdb.com/search/title/?genres=adventure&start=150&ref_=adv_nxt,2020-06-14,Apollo 13,(I) (1995),PG,140 min,"Adventure, Drama, History",NASA must devise a strategy to return Apollo 13 to Earth safely after the spacecraft undergoes massive internal damage putting the lives of the three astronauts on board in jeopardy.,7.6
